Model,MAE,MSE,RMSE,R²
Linear Regression,0.48897129901794095,0.6197782069339322,0.7872599360655489,0.28445243876859705
Ridge Regression,0.4889709421119597,0.6197788623386272,0.787260352322297,0.28445168208947236
